Product name,SKU,Size,Price
Air Jordan 1 Low Bred Toe,553558-612,9.0,122
Air Jordan 1 Low Bred Toe,553558-612,9.0,122
Air Jordan 1 Low Bred Toe,553558-612,9.0,122
Air Jordan 1 Low Bred Toe,553558-612,9.0,122
SB DUNK LOW Chlorophyll,BQ6817-011,9.0,200
SB DUNK LOW Chlorophyll,BQ6817-011,9.0,200
Air Jordan 1 Mid SE Berry,DC7267-500,5.0,136
Air Jordan 1 Mid SE Berry,DC7267-500,5.0,136
Air Jordan 1 Low Gs Red,553560-607,7.0,115
Air Jordan 1 Low Gs Red,553560-607,7.0,115
Womens Dunk Low Paisley Panda,DH4401-100,5.0,249
Womens Dunk Low Paisley Panda,DH4401-100,5.0,249
Womens Dunk Low Paisley Panda,DH4401-100,6.0,249
AJ 1 MID DIAMOND GS,DN4321-100,4.5,130
